exerciseId,exerciseName,category,primaryMuscles,equipment,resultType,status,confidence,moveKitSlug,moveKitTitle,moveKitUrl,moveKitPrimaryMuscles,moveKitSecondaryMuscles,moveKitEquipment,notes
barbell-bench-press,Жим штанги лежа,strength,chest,"Штанга, скамья",weight_reps,exact_slug,1,barbell-bench-press,Barbell Bench Press,https://movekit.com/exercises/barbell-bench-press,Chest,Triceps,Barbell,Catalog id equals MoveKit slug.
dumbbell-bench-press,Жим гантелей лежа,strength,chest,"Гантели, скамья",weight_reps,exact_slug,1,dumbbell-bench-press,Dumbbell Bench Press,https://movekit.com/exercises/dumbbell-bench-press,Chest,Triceps,Dumbbell,Catalog id equals MoveKit slug.
incline-barbell-bench-press,Жим штанги на наклонной скамье,strength,chest,"Штанга, наклонная скамья",weight_reps,renamed_match,0.75,barbell-incline-bench-press,Barbell Incline Bench Press,https://movekit.com/exercises/barbell-incline-bench-press,Chest,Shoulders|Triceps,Barbell,"Same normalized tokens, different word order or provider naming."
incline-dumbbell-bench-press,Жим гантелей на наклонной скамье,strength,chest,"Гантели, наклонная скамья",weight_reps,renamed_match,0.75,dumbbell-incline-bench-press,Dumbbell Incline Bench Press,https://movekit.com/exercises/dumbbell-incline-bench-press,Chest,Shoulders|Triceps,Dumbbell,"Same normalized tokens, different word order or provider naming."
decline-barbell-bench-press,Жим штанги на обратно-наклонной скамье,strength,chest,"Штанга, обратно-наклонная скамья",weight_reps,reusable_asset,0.55,barbell-bench-press,Barbell Bench Press,https://movekit.com/exercises/barbell-bench-press,Chest,Triceps,Barbell,"Temporary fallback: close base movement exists, but loading/modifier differs."
decline-dumbbell-bench-press,Жим гантелей на обратно-наклонной скамье,strength,chest,"Гантели, обратно-наклонная скамья",weight_reps,renamed_match,0.75,dumbbell-decline-bench-press,Dumbbell Decline Bench Press,https://movekit.com/exercises/dumbbell-decline-bench-press,Chest,Triceps,Dumbbell,"Same normalized tokens, different word order or provider naming."
smith-machine-bench-press,Жим лежа в Смите,strength,chest,"Тренажер Смита, скамья",weight_reps,renamed_match,0.75,smith-machine-incline-bench-press,Smith Machine Incline Bench Press,https://movekit.com/exercises/smith-machine-incline-bench-press,Chest,Shoulders|Triceps,Machine,High token overlap (0.80) with provider naming.
machine-chest-press,Жим от груди в тренажере,strength,chest,Тренажер для жима от груди,weight_reps,exact_slug,1,machine-chest-press,Machine Chest Press,https://movekit.com/exercises/machine-chest-press,Chest,Triceps,Machine,Catalog id equals MoveKit slug.
seated-cable-chest-press,Жим от груди в кроссовере сидя,strength,chest,"Кроссовер, скамья",weight_reps,exact_alias_or_title,0.9,cable-chest-press,Cable Chest Press,https://movekit.com/exercises/cable-chest-press,Chest,Shoulders|Triceps,Cable Machine,Search alias/name equals MoveKit title or slug after normalization.
barbell-floor-press,Жим штанги с пола,strength,chest,Штанга,weight_reps,not_found,0,,,,,,,"No close public MoveKit page found by slug, alias, title, or token overlap."
dumbbell-floor-press,Жим гантелей с пола,strength,chest,Гантели,weight_reps,not_found,0,,,,,,,"No close public MoveKit page found by slug, alias, title, or token overlap."
dumbbell-fly,Разведение гантелей лежа,strength,chest,"Гантели, скамья",weight_reps,reusable_asset,0.55,cable-bench-chest-fly,Cable Bench Chest Fly,https://movekit.com/exercises/cable-bench-chest-fly,Chest,,Cable Machine,"Temporary fallback: close base movement exists, but loading/modifier differs."
incline-dumbbell-fly,Разведение гантелей на наклонной скамье,strength,chest,"Гантели, наклонная скамья",weight_reps,needs_manual_review,0.3,dumbbell-incline-chest-fly,Dumbbell Incline Chest Fly,https://movekit.com/exercises/dumbbell-incline-chest-fly,Chest,,Dumbbell,Possible candidates need visual/manual check: dumbbell-incline-chest-fly (0.75); dumbbell-incline-chest-fly (0.75).
cable-fly,Сведение рук в кроссовере,strength,chest,Кроссовер,weight_reps,reusable_asset,0.55,cable-bench-chest-fly,Cable Bench Chest Fly,https://movekit.com/exercises/cable-bench-chest-fly,Chest,,Cable Machine,"Temporary fallback: close base movement exists, but loading/modifier differs."
high-to-low-cable-fly,Сведение рук в кроссовере сверху вниз,strength,chest,Кроссовер,weight_reps,not_found,0,,,,,,,"No close public MoveKit page found by slug, alias, title, or token overlap."
low-to-high-cable-fly,Сведение рук в кроссовере снизу вверх,strength,chest,Кроссовер,weight_reps,not_found,0,,,,,,,"No close public MoveKit page found by slug, alias, title, or token overlap."
pec-deck-fly,Сведение рук в тренажере бабочка,strength,chest,Тренажер бабочка,weight_reps,not_found,0,,,,,,,"No close public MoveKit page found by slug, alias, title, or token overlap."
plate-squeeze-press,Жим блина перед собой,strength,chest,Блин,weight_reps,not_found,0,,,,,,,"No close public MoveKit page found by slug, alias, title, or token overlap."
dumbbell-pullover-chest,Пуловер с гантелью с акцентом на грудь,strength,chest,"Гантель, скамья",weight_reps,not_found,0,,,,,,,"No close public MoveKit page found by slug, alias, title, or token overlap."
push-up,Отжимания от пола,strength,chest,Собственный вес,reps_only,exact_slug,1,push-up,Push Up,https://movekit.com/exercises/push-up,Chest,Shoulders|Triceps,Bodyweight,Catalog id equals MoveKit slug.
weighted-push-up,Отжимания с дополнительным весом,strength,chest,Блин или жилет,weighted_bodyweight,reusable_asset,0.55,bodyweight-elevated-push-up,Bodyweight Elevated Push Up,https://movekit.com/exercises/bodyweight-elevated-push-up,Chest,Triceps,Bodyweight,"Temporary fallback: close base movement exists, but loading/modifier differs."
knee-push-up,Отжимания с колен,strength,chest,Собственный вес,reps_only,renamed_match,0.75,bodyweight-knee-push-ups,Bodyweight Knee Push Ups,https://movekit.com/exercises/bodyweight-knee-push-ups,Chest,Triceps,Bodyweight,"Same normalized tokens, different word order or provider naming."
incline-push-up,Отжимания от опоры,strength,chest,"Собственный вес, опора",reps_only,exact_slug,1,incline-push-up,Incline Push Up,https://movekit.com/exercises/incline-push-up,Chest,Triceps,Bodyweight,Catalog id equals MoveKit slug.
decline-push-up,Отжимания с ногами на возвышении,strength,chest,"Собственный вес, опора",reps_only,exact_slug,1,decline-push-up,Decline Push Up,https://movekit.com/exercises/decline-push-up,Chest,Triceps,Bodyweight,Catalog id equals MoveKit slug.
diamond-push-up-chest,Узкие отжимания с акцентом на грудь,strength,chest,Собственный вес,reps_only,exact_alias_or_title,0.9,diamond-push-ups,Diamond Push Ups,https://movekit.com/exercises/diamond-push-ups,Triceps,,Bodyweight,Search alias/name equals MoveKit title or slug after normalization.
chest-dip,Отжимания на брусьях с акцентом на грудь,strength,chest,Брусья,reps_only,reusable_asset,0.55,machine-dips,Machine Dips,https://movekit.com/exercises/machine-dips,Chest,Triceps,Machine,"Temporary fallback: close base movement exists, but loading/modifier differs."
weighted-chest-dip,Отжимания на брусьях с весом с акцентом на грудь,strength,chest,"Брусья, пояс с отягощением",weighted_bodyweight,reusable_asset,0.55,machine-dips,Machine Dips,https://movekit.com/exercises/machine-dips,Chest,Triceps,Machine,"Temporary fallback: close base movement exists, but loading/modifier differs."
assisted-chest-dip-machine,Отжимания на брусьях в гравитроне с акцентом на грудь,strength,chest,Гравитрон,assisted_bodyweight,reusable_asset,0.55,machine-dips,Machine Dips,https://movekit.com/exercises/machine-dips,Chest,Triceps,Machine,"Temporary fallback: close base movement exists, but loading/modifier differs."
plyometric-push-up,Плиометрические отжимания,strength,chest,Собственный вес,reps_only,reusable_asset,0.55,push-up,Push Up,https://movekit.com/exercises/push-up,Chest,Shoulders|Triceps,Bodyweight,"Temporary fallback: close base movement exists, but loading/modifier differs."
medicine-ball-chest-pass,Бросок медбола от груди,strength,chest,Медбол,reps_only,not_found,0,,,,,,,"No close public MoveKit page found by slug, alias, title, or token overlap."
pull-up,Подтягивания,strength,back,Турник,reps_only,exact_alias_or_title,0.9,pull-ups,Pull Ups,https://movekit.com/exercises/pull-ups,Back,Biceps|Trapezius,Bodyweight,Search alias/name equals MoveKit title or slug after normalization.
weighted-pull-up,Подтягивания с дополнительным весом,strength,back,"Турник, пояс с отягощением",weighted_bodyweight,reusable_asset,0.55,pull-ups,Pull Ups,https://movekit.com/exercises/pull-ups,Back,Biceps|Trapezius,Bodyweight,"Temporary fallback: close base movement exists, but loading/modifier differs."
assisted-pull-up-machine,Подтягивания в гравитроне,strength,back,Гравитрон,assisted_bodyweight,reusable_asset,0.55,pull-ups,Pull Ups,https://movekit.com/exercises/pull-ups,Back,Biceps|Trapezius,Bodyweight,"Temporary fallback: close base movement exists, but loading/modifier differs."
chin-up,Подтягивания обратным хватом,strength,back,Турник,reps_only,exact_alias_or_title,0.9,chin-ups,Chin Ups,https://movekit.com/exercises/chin-ups,Back,Biceps,Bodyweight,Search alias/name equals MoveKit title or slug after normalization.
neutral-grip-pull-up,Подтягивания нейтральным хватом,strength,back,Турник,reps_only,reusable_asset,0.55,pull-ups,Pull Ups,https://movekit.com/exercises/pull-ups,Back,Biceps|Trapezius,Bodyweight,"Temporary fallback: close base movement exists, but loading/modifier differs."
scapular-pull-up,Лопаточные подтягивания,strength,back,Турник,reps_only,reusable_asset,0.55,pull-ups,Pull Ups,https://movekit.com/exercises/pull-ups,Back,Biceps|Trapezius,Bodyweight,"Temporary fallback: close base movement exists, but loading/modifier differs."
lat-pulldown-wide-grip,Тяга верхнего блока широким хватом,strength,back,Верхний блок,weight_reps,not_found,0,,,,,,,"No close public MoveKit page found by slug, alias, title, or token overlap."
lat-pulldown-close-grip,Тяга верхнего блока узким хватом,strength,back,"Верхний блок, узкая рукоять",weight_reps,not_found,0,,,,,,,"No close public MoveKit page found by slug, alias, title, or token overlap."
reverse-grip-lat-pulldown,Тяга верхнего блока обратным хватом,strength,back,Верхний блок,weight_reps,reusable_asset,0.55,machine-pulldown,Machine Pulldown,https://movekit.com/exercises/machine-pulldown,Back,Biceps,Machine,"Temporary fallback: close base movement exists, but loading/modifier differs."
single-arm-lat-pulldown,Тяга верхнего блока одной рукой,strength,back,"Верхний блок, рукоять",weight_reps,reusable_asset,0.55,machine-pulldown,Machine Pulldown,https://movekit.com/exercises/machine-pulldown,Back,Biceps,Machine,"Temporary fallback: close base movement exists, but loading/modifier differs."
straight-arm-pulldown,Тяга верхнего блока прямыми руками,strength,back,Кроссовер или верхний блок,weight_reps,reusable_asset,0.55,machine-pulldown,Machine Pulldown,https://movekit.com/exercises/machine-pulldown,Back,Biceps,Machine,"Temporary fallback: close base movement exists, but loading/modifier differs."
seated-cable-row,Горизонтальная тяга блока сидя,strength,back,Нижний блок,weight_reps,reusable_asset,0.55,band-row,Band Row,https://movekit.com/exercises/band-row,Back,Biceps,Band,"Temporary fallback: close base movement exists, but loading/modifier differs."
wide-grip-seated-row,Горизонтальная тяга широким хватом,strength,back,"Нижний блок, широкая рукоять",weight_reps,reusable_asset,0.55,band-row,Band Row,https://movekit.com/exercises/band-row,Back,Biceps,Band,"Temporary fallback: close base movement exists, but loading/modifier differs."
single-arm-cable-row,Тяга нижнего блока одной рукой,strength,back,"Нижний блок, рукоять",weight_reps,reusable_asset,0.55,band-row,Band Row,https://movekit.com/exercises/band-row,Back,Biceps,Band,"Temporary fallback: close base movement exists, but loading/modifier differs."
barbell-bent-over-row,Тяга штанги в наклоне,strength,back,Штанга,weight_reps,exact_slug,1,barbell-bent-over-row,Barbell Bent Over Row,https://movekit.com/exercises/barbell-bent-over-row,Back,Biceps,Barbell,Catalog id equals MoveKit slug.
pendlay-row,Тяга Пендлея,strength,back,Штанга,weight_reps,reusable_asset,0.55,band-row,Band Row,https://movekit.com/exercises/band-row,Back,Biceps,Band,"Temporary fallback: close base movement exists, but loading/modifier differs."
underhand-barbell-row,Тяга штанги в наклоне обратным хватом,strength,back,Штанга,weight_reps,reusable_asset,0.55,band-row,Band Row,https://movekit.com/exercises/band-row,Back,Biceps,Band,"Temporary fallback: close base movement exists, but loading/modifier differs."
one-arm-dumbbell-row,Тяга гантели одной рукой,strength,back,"Гантель, скамья",weight_reps,reusable_asset,0.55,band-row,Band Row,https://movekit.com/exercises/band-row,Back,Biceps,Band,"Temporary fallback: close base movement exists, but loading/modifier differs."
chest-supported-dumbbell-row,Тяга гантелей лежа на наклонной скамье,strength,back,"Гантели, наклонная скамья",weight_reps,reusable_asset,0.55,band-row,Band Row,https://movekit.com/exercises/band-row,Back,Biceps,Band,"Temporary fallback: close base movement exists, but loading/modifier differs."
t-bar-row,Тяга Т-грифа,strength,back,Т-гриф,weight_reps,reusable_asset,0.55,band-row,Band Row,https://movekit.com/exercises/band-row,Back,Biceps,Band,"Temporary fallback: close base movement exists, but loading/modifier differs."
landmine-row,Тяга штанги в упоре landmine,strength,back,"Штанга, landmine",weight_reps,reusable_asset,0.55,band-row,Band Row,https://movekit.com/exercises/band-row,Back,Biceps,Band,"Temporary fallback: close base movement exists, but loading/modifier differs."
meadows-row,Тяга Медоуза,strength,back,"Штанга, landmine",weight_reps,reusable_asset,0.55,band-row,Band Row,https://movekit.com/exercises/band-row,Back,Biceps,Band,"Temporary fallback: close base movement exists, but loading/modifier differs."
machine-row,Тяга в тренажере,strength,back,Тренажер для тяги,weight_reps,reusable_asset,0.55,band-row,Band Row,https://movekit.com/exercises/band-row,Back,Biceps,Band,"Temporary fallback: close base movement exists, but loading/modifier differs."
high-row-machine,Высокая тяга в тренажере,strength,back,Тренажер высокая тяга,weight_reps,reusable_asset,0.55,band-row,Band Row,https://movekit.com/exercises/band-row,Back,Biceps,Band,"Temporary fallback: close base movement exists, but loading/modifier differs."
inverted-row,Австралийские подтягивания,strength,back,Низкая перекладина или петли,reps_only,exact_slug,1,inverted-row,Inverted Row,https://movekit.com/exercises/inverted-row,Trapezius|Back,Biceps,Bodyweight,Catalog id equals MoveKit slug.
trx-row,Тяга в петлях TRX,strength,back,Петли TRX,reps_only,reusable_asset,0.55,band-row,Band Row,https://movekit.com/exercises/band-row,Back,Biceps,Band,"Temporary fallback: close base movement exists, but loading/modifier differs."
renegade-row,Тяга гантелей в планке,strength,back,Гантели,weight_reps,reusable_asset,0.55,band-row,Band Row,https://movekit.com/exercises/band-row,Back,Biceps,Band,"Temporary fallback: close base movement exists, but loading/modifier differs."
dumbbell-pullover-back,Пуловер с гантелью с акцентом на спину,strength,back,"Гантель, скамья",weight_reps,not_found,0,,,,,,,"No close public MoveKit page found by slug, alias, title, or token overlap."
machine-pullover,Пуловер в тренажере,strength,back,Тренажер пуловер,weight_reps,reusable_asset,0.55,band-pullover,Band Pullover,https://movekit.com/exercises/band-pullover,Back,,Band,"Temporary fallback: close base movement exists, but loading/modifier differs."
deadlift,Становая тяга,strength,back,Штанга,weight_reps,renamed_match,0.75,bodyweight-deadlift,Bodyweight Deadlift,https://movekit.com/exercises/bodyweight-deadlift,Core,Glutes,Bodyweight,"Same normalized tokens, different word order or provider naming."
rack-pull,Тяга с плинтов,strength,back,"Штанга, стойки",weight_reps,reusable_asset,0.55,barbell-rack-pull,Barbell Rack Pull,https://movekit.com/exercises/barbell-rack-pull,Trapezius|Core,,Barbell,"Temporary fallback: close base movement exists, but loading/modifier differs."
snatch-grip-deadlift,Становая тяга рывковым хватом,strength,back,Штанга,weight_reps,reusable_asset,0.55,barbell-deadlift,Barbell Deadlift,https://movekit.com/exercises/barbell-deadlift,Trapezius|Core,Glutes,Barbell,"Temporary fallback: close base movement exists, but loading/modifier differs."
back-extension,Разгибание спины в тренажере,strength,back,Тренажер для разгибания спины,weight_reps,reusable_asset,0.55,machine-45-degree-back-extension,Machine 45 Degree Back Extension,https://movekit.com/exercises/machine-45-degree-back-extension,Core,,Machine,"Temporary fallback: close base movement exists, but loading/modifier differs."
hyperextension,Гиперэкстензия,strength,back,Римский стул,reps_only,not_found,0,,,,,,,"No close public MoveKit page found by slug, alias, title, or token overlap."
weighted-hyperextension,Гиперэкстензия с весом,strength,back,"Римский стул, блин",weight_reps,not_found,0,,,,,,,"No close public MoveKit page found by slug, alias, title, or token overlap."
superman-hold,Супермен удержание,strength,back,Собственный вес,duration_hold,not_found,0,,,,,,,"No close public MoveKit page found by slug, alias, title, or token overlap."
bird-dog,Птица-собака,strength,back,Собственный вес,side_reps,not_found,0,,,,,,,"No close public MoveKit page found by slug, alias, title, or token overlap."
dead-hang,Вис на турнике,strength,back,Турник,duration_hold,not_found,0,,,,,,,"No close public MoveKit page found by slug, alias, title, or token overlap."
barbell-overhead-press,Жим штанги стоя,strength,shoulders,Штанга,weight_reps,exact_slug,1,barbell-overhead-press,Barbell Overhead Press,https://movekit.com/exercises/barbell-overhead-press,Shoulders,Triceps,Barbell,Catalog id equals MoveKit slug.
seated-barbell-overhead-press,Жим штанги сидя,strength,shoulders,"Штанга, скамья",weight_reps,renamed_match,0.75,barbell-overhead-press,Barbell Overhead Press,https://movekit.com/exercises/barbell-overhead-press,Shoulders,Triceps,Barbell,High token overlap (0.75) with provider naming.
dumbbell-shoulder-press,Жим гантелей сидя,strength,shoulders,"Гантели, скамья",weight_reps,not_found,0,,,,,,,"No close public MoveKit page found by slug, alias, title, or token overlap."
standing-dumbbell-shoulder-press,Жим гантелей стоя,strength,shoulders,Гантели,weight_reps,not_found,0,,,,,,,"No close public MoveKit page found by slug, alias, title, or token overlap."
arnold-press,Жим Арнольда,strength,shoulders,Гантели,weight_reps,not_found,0,,,,,,,"No close public MoveKit page found by slug, alias, title, or token overlap."
machine-shoulder-press,Жим плечами в тренажере,strength,shoulders,Тренажер для жима плечами,weight_reps,not_found,0,,,,,,,"No close public MoveKit page found by slug, alias, title, or token overlap."
smith-machine-shoulder-press,Жим в Смите на плечи,strength,shoulders,"Тренажер Смита, скамья",weight_reps,not_found,0,,,,,,,"No close public MoveKit page found by slug, alias, title, or token overlap."
landmine-press,Жим landmine одной рукой,strength,shoulders,"Штанга, landmine",weight_reps,not_found,0,,,,,,,"No close public MoveKit page found by slug, alias, title, or token overlap."
push-press,Швунг жимовой,strength,shoulders,Штанга,weight_reps,reusable_asset,0.55,kettlebell-push-press,Kettlebell Push Press,https://movekit.com/exercises/kettlebell-push-press,Shoulders,Shoulders|Triceps,Kettlebell,"Temporary fallback: close base movement exists, but loading/modifier differs."
dumbbell-lateral-raise,Подъем гантелей через стороны,strength,shoulders,Гантели,weight_reps,exact_slug,1,dumbbell-lateral-raise,Dumbbell Lateral Raise,https://movekit.com/exercises/dumbbell-lateral-raise,Shoulders,,Dumbbell,Catalog id equals MoveKit slug.
cable-lateral-raise,Подъем руки в сторону в кроссовере,strength,shoulders,Кроссовер,weight_reps,reusable_asset,0.55,band-lateral-raise,Band Lateral Raise,https://movekit.com/exercises/band-lateral-raise,Shoulders,,Band,"Temporary fallback: close base movement exists, but loading/modifier differs."
machine-lateral-raise,Махи в стороны в тренажере,strength,shoulders,Тренажер для махов,weight_reps,reusable_asset,0.55,band-lateral-raise,Band Lateral Raise,https://movekit.com/exercises/band-lateral-raise,Shoulders,,Band,"Temporary fallback: close base movement exists, but loading/modifier differs."
leaning-lateral-raise,Подъем гантели в сторону с наклоном,strength,shoulders,"Гантель, опора",weight_reps,reusable_asset,0.55,band-lateral-raise,Band Lateral Raise,https://movekit.com/exercises/band-lateral-raise,Shoulders,,Band,"Temporary fallback: close base movement exists, but loading/modifier differs."
dumbbell-front-raise,Подъем гантелей перед собой,strength,shoulders,Гантели,weight_reps,exact_slug,1,dumbbell-front-raise,Dumbbell Front Raise,https://movekit.com/exercises/dumbbell-front-raise,Shoulders,,Dumbbell,Catalog id equals MoveKit slug.
plate-front-raise,Подъем блина перед собой,strength,shoulders,Блин,weight_reps,reusable_asset,0.55,dumbbell-front-raise,Dumbbell Front Raise,https://movekit.com/exercises/dumbbell-front-raise,Shoulders,,Dumbbell,"Temporary fallback: close base movement exists, but loading/modifier differs."
cable-front-raise,Подъем рук перед собой в кроссовере,strength,shoulders,Кроссовер,weight_reps,reusable_asset,0.55,dumbbell-front-raise,Dumbbell Front Raise,https://movekit.com/exercises/dumbbell-front-raise,Shoulders,,Dumbbell,"Temporary fallback: close base movement exists, but loading/modifier differs."
rear-delt-dumbbell-fly,Разведение гантелей в наклоне,strength,shoulders,Гантели,weight_reps,renamed_match,0.75,dumbbell-rear-delt-fly,Dumbbell Rear Delt Fly,https://movekit.com/exercises/dumbbell-rear-delt-fly,Shoulders,,Dumbbell,"Same normalized tokens, different word order or provider naming."
reverse-pec-deck,Обратная бабочка,strength,shoulders,Тренажер бабочка,weight_reps,not_found,0,,,,,,,"No close public MoveKit page found by slug, alias, title, or token overlap."
face-pull,Тяга каната к лицу,strength,shoulders,"Кроссовер, канат",weight_reps,reusable_asset,0.55,band-high-face-pull,Band High Face Pull,https://movekit.com/exercises/band-high-face-pull,Shoulders,Trapezius,Band,"Temporary fallback: close base movement exists, but loading/modifier differs."
cable-rear-delt-fly,Разведение рук в кроссовере на заднюю дельту,strength,shoulders,Кроссовер,weight_reps,reusable_asset,0.55,dumbbell-rear-delt-fly,Dumbbell Rear Delt Fly,https://movekit.com/exercises/dumbbell-rear-delt-fly,Shoulders,,Dumbbell,"Temporary fallback: close base movement exists, but loading/modifier differs."
upright-row,Тяга штанги к подбородку,strength,shoulders,Штанга,weight_reps,reusable_asset,0.55,band-row,Band Row,https://movekit.com/exercises/band-row,Back,Biceps,Band,"Temporary fallback: close base movement exists, but loading/modifier differs."
barbell-shrug,Шраги со штангой,strength,shoulders,Штанга,weight_reps,exact_slug,1,barbell-shrug,Barbell Shrug,https://movekit.com/exercises/barbell-shrug,Trapezius,,Barbell,Catalog id equals MoveKit slug.
dumbbell-shrug,Шраги с гантелями,strength,shoulders,Гантели,weight_reps,exact_slug,1,dumbbell-shrug,Dumbbell Shrug,https://movekit.com/exercises/dumbbell-shrug,Trapezius,,Dumbbell,Catalog id equals MoveKit slug.
cuban-press,Кубинский жим,strength,shoulders,Гантели,weight_reps,not_found,0,,,,,,,"No close public MoveKit page found by slug, alias, title, or token overlap."
incline-y-raise,Y-подъемы на наклонной скамье,strength,shoulders,"Гантели, наклонная скамья",weight_reps,not_found,0,,,,,,,"No close public MoveKit page found by slug, alias, title, or token overlap."
pike-push-up,Отжимания уголком,strength,shoulders,Собственный вес,reps_only,reusable_asset,0.55,push-up,Push Up,https://movekit.com/exercises/push-up,Chest,Shoulders|Triceps,Bodyweight,"Temporary fallback: close base movement exists, but loading/modifier differs."
handstand-push-up,Отжимания в стойке на руках,strength,shoulders,"Собственный вес, стена",reps_only,reusable_asset,0.55,push-up,Push Up,https://movekit.com/exercises/push-up,Chest,Shoulders|Triceps,Bodyweight,"Temporary fallback: close base movement exists, but loading/modifier differs."
handstand-hold,Стойка на руках у стены,strength,shoulders,Стена,duration_hold,not_found,0,,,,,,,"No close public MoveKit page found by slug, alias, title, or token overlap."
farmers-carry,Фермерская прогулка,strength,shoulders,Гантели или гири,distance_time,reusable_asset,0.55,kettlebell-farmers-carry,Kettlebell Farmers Carry,https://movekit.com/exercises/kettlebell-farmers-carry,Forearms,,Kettlebell,"Temporary fallback: close base movement exists, but loading/modifier differs."
overhead-carry,Прогулка с весом над головой,strength,shoulders,Гантели или гири,distance_time,not_found,0,,,,,,,"No close public MoveKit page found by slug, alias, title, or token overlap."
barbell-curl,Сгибание рук со штангой,strength,biceps,Штанга,weight_reps,exact_slug,1,barbell-curl,Barbell Curl,https://movekit.com/exercises/barbell-curl,Biceps,,Barbell,Catalog id equals MoveKit slug.
ez-bar-curl,Сгибание рук с EZ-грифом,strength,biceps,EZ-гриф,weight_reps,renamed_match,0.75,ez-bar-preacher-curl,EZ Bar Preacher Curl,https://movekit.com/exercises/ez-bar-preacher-curl,Biceps,,Barbell,High token overlap (0.75) with provider naming.
dumbbell-curl,Сгибание рук с гантелями,strength,biceps,Гантели,weight_reps,exact_slug,1,dumbbell-curl,Dumbbell Curl,https://movekit.com/exercises/dumbbell-curl,Biceps,,Dumbbell,Catalog id equals MoveKit slug.
alternating-dumbbell-curl,Попеременное сгибание рук с гантелями,strength,biceps,Гантели,weight_reps,reusable_asset,0.55,band-curl,Band Curl,https://movekit.com/exercises/band-curl,Biceps,,Band,"Temporary fallback: close base movement exists, but loading/modifier differs."
hammer-curl,Молотковые сгибания с гантелями,strength,biceps,Гантели,weight_reps,reusable_asset,0.55,band-curl,Band Curl,https://movekit.com/exercises/band-curl,Biceps,,Band,"Temporary fallback: close base movement exists, but loading/modifier differs."
cross-body-hammer-curl,Молотковые сгибания поперек корпуса,strength,biceps,Гантели,weight_reps,reusable_asset,0.55,band-curl,Band Curl,https://movekit.com/exercises/band-curl,Biceps,,Band,"Temporary fallback: close base movement exists, but loading/modifier differs."
incline-dumbbell-curl,Сгибание рук с гантелями на наклонной скамье,strength,biceps,"Гантели, наклонная скамья",weight_reps,renamed_match,0.75,dumbbell-incline-curl,Dumbbell Incline Curl,https://movekit.com/exercises/dumbbell-incline-curl,Biceps,,Dumbbell,"Same normalized tokens, different word order or provider naming."
concentration-curl,Концентрированное сгибание на бицепс,strength,biceps,Гантель,weight_reps,reusable_asset,0.55,band-curl,Band Curl,https://movekit.com/exercises/band-curl,Biceps,,Band,"Temporary fallback: close base movement exists, but loading/modifier differs."
preacher-curl,Сгибание рук на скамье Скотта,strength,biceps,"Скамья Скотта, EZ-гриф",weight_reps,reusable_asset,0.55,band-curl,Band Curl,https://movekit.com/exercises/band-curl,Biceps,,Band,"Temporary fallback: close base movement exists, but loading/modifier differs."
machine-preacher-curl,Сгибание рук в тренажере Скотта,strength,biceps,Тренажер Скотта,weight_reps,reusable_asset,0.55,band-curl,Band Curl,https://movekit.com/exercises/band-curl,Biceps,,Band,"Temporary fallback: close base movement exists, but loading/modifier differs."
cable-curl,Сгибание рук на нижнем блоке,strength,biceps,Нижний блок,weight_reps,reusable_asset,0.55,band-curl,Band Curl,https://movekit.com/exercises/band-curl,Biceps,,Band,"Temporary fallback: close base movement exists, but loading/modifier differs."
rope-hammer-curl,Молотковые сгибания с канатом на блоке,strength,biceps,"Нижний блок, канат",weight_reps,reusable_asset,0.55,band-curl,Band Curl,https://movekit.com/exercises/band-curl,Biceps,,Band,"Temporary fallback: close base movement exists, but loading/modifier differs."
bayesian-cable-curl,Байесовское сгибание на бицепс,strength,biceps,Кроссовер,weight_reps,reusable_asset,0.55,band-curl,Band Curl,https://movekit.com/exercises/band-curl,Biceps,,Band,"Temporary fallback: close base movement exists, but loading/modifier differs."
spider-curl,Паучьи сгибания на бицепс,strength,biceps,"Гантели или EZ-гриф, наклонная скамья",weight_reps,reusable_asset,0.55,band-curl,Band Curl,https://movekit.com/exercises/band-curl,Biceps,,Band,"Temporary fallback: close base movement exists, but loading/modifier differs."
reverse-curl,Сгибание рук обратным хватом,strength,biceps,Штанга или EZ-гриф,weight_reps,reusable_asset,0.55,band-curl,Band Curl,https://movekit.com/exercises/band-curl,Biceps,,Band,"Temporary fallback: close base movement exists, but loading/modifier differs."
zottman-curl,Сгибание Зоттмана,strength,biceps,Гантели,weight_reps,reusable_asset,0.55,band-curl,Band Curl,https://movekit.com/exercises/band-curl,Biceps,,Band,"Temporary fallback: close base movement exists, but loading/modifier differs."
drag-curl,Сгибание рук drag curl,strength,biceps,Штанга,weight_reps,reusable_asset,0.55,band-curl,Band Curl,https://movekit.com/exercises/band-curl,Biceps,,Band,"Temporary fallback: close base movement exists, but loading/modifier differs."
isometric-biceps-hold,Изометрическое удержание на бицепс,strength,biceps,Гантели или штанга,duration_hold,not_found,0,,,,,,,"No close public MoveKit page found by slug, alias, title, or token overlap."
chin-up-biceps-focus,Подтягивания обратным хватом с акцентом на бицепс,strength,biceps,Турник,reps_only,needs_manual_review,0.3,chin-ups,Chin Ups,https://movekit.com/exercises/chin-ups,Back,Biceps,Bodyweight,Possible candidates need visual/manual check: chin-ups (0.67).
close-grip-bench-press,Жим штанги узким хватом,strength,triceps,"Штанга, скамья",weight_reps,reusable_asset,0.55,barbell-bench-press,Barbell Bench Press,https://movekit.com/exercises/barbell-bench-press,Chest,Triceps,Barbell,"Temporary fallback: close base movement exists, but loading/modifier differs."
ez-bar-skull-crusher,Французский жим лежа с EZ-грифом,strength,triceps,"EZ-гриф, скамья",weight_reps,not_found,0,,,,,,,"No close public MoveKit page found by slug, alias, title, or token overlap."
barbell-lying-triceps-extension,Французский жим лежа со штангой,strength,triceps,"Штанга, скамья",weight_reps,not_found,0,,,,,,,"No close public MoveKit page found by slug, alias, title, or token overlap."
dumbbell-lying-triceps-extension,Разгибание рук с гантелями лежа,strength,triceps,"Гантели, скамья",weight_reps,not_found,0,,,,,,,"No close public MoveKit page found by slug, alias, title, or token overlap."
single-dumbbell-overhead-triceps-extension,Разгибание одной гантели из-за головы,strength,triceps,Гантель,weight_reps,needs_manual_review,0.3,dumbbell-seated-overhead-tricep-extension,Dumbbell Seated Overhead Tricep Extension,https://movekit.com/exercises/dumbbell-seated-overhead-tricep-extension,Triceps,,Dumbbell,Possible candidates need visual/manual check: dumbbell-seated-overhead-tricep-extension (0.60).
two-dumbbell-overhead-triceps-extension,Разгибание двух гантелей из-за головы,strength,triceps,Гантели,weight_reps,not_found,0,,,,,,,"No close public MoveKit page found by slug, alias, title, or token overlap."
cable-overhead-triceps-extension,Разгибание рук из-за головы на блоке,strength,triceps,"Кроссовер, канат",weight_reps,not_found,0,,,,,,,"No close public MoveKit page found by slug, alias, title, or token overlap."
rope-triceps-pushdown,Разгибание рук с канатом на блоке,strength,triceps,"Верхний блок, канат",weight_reps,needs_manual_review,0.3,cable-rope-pushdown,Cable Rope Pushdown,https://movekit.com/exercises/cable-rope-pushdown,Triceps,,Cable Machine,Possible candidates need visual/manual check: cable-rope-pushdown (0.67).
straight-bar-triceps-pushdown,Разгибание рук с прямой рукоятью на блоке,strength,triceps,"Верхний блок, прямая рукоять",weight_reps,needs_manual_review,0.3,cable-bar-pushdown,Cable Bar Pushdown,https://movekit.com/exercises/cable-bar-pushdown,Triceps,,Cable Machine,Possible candidates need visual/manual check: cable-bar-pushdown (0.67).
reverse-grip-triceps-pushdown,Разгибание рук обратным хватом на блоке,strength,triceps,Верхний блок,weight_reps,not_found,0,,,,,,,"No close public MoveKit page found by slug, alias, title, or token overlap."
single-arm-cable-triceps-pushdown,Разгибание одной руки на блоке,strength,triceps,"Верхний блок, рукоять",weight_reps,needs_manual_review,0.3,cable-single-arm-rope-pushdown,Cable Single Arm Rope Pushdown,https://movekit.com/exercises/cable-single-arm-rope-pushdown,Triceps,,Cable Machine,Possible candidates need visual/manual check: cable-single-arm-rope-pushdown (0.67); cable-single-arm-rope-pushdown (0.60).
triceps-kickback,Разгибание руки назад с гантелью,strength,triceps,Гантель,weight_reps,not_found,0,,,,,,,"No close public MoveKit page found by slug, alias, title, or token overlap."
cable-triceps-kickback,Разгибание руки назад в кроссовере,strength,triceps,Кроссовер,weight_reps,not_found,0,,,,,,,"No close public MoveKit page found by slug, alias, title, or token overlap."
triceps-dip,Отжимания на брусьях с акцентом на трицепс,strength,triceps,Брусья,reps_only,reusable_asset,0.55,machine-dips,Machine Dips,https://movekit.com/exercises/machine-dips,Chest,Triceps,Machine,"Temporary fallback: close base movement exists, but loading/modifier differs."
weighted-triceps-dip,Отжимания на брусьях с весом с акцентом на трицепс,strength,triceps,"Брусья, пояс с отягощением",weighted_bodyweight,reusable_asset,0.55,machine-dips,Machine Dips,https://movekit.com/exercises/machine-dips,Chest,Triceps,Machine,"Temporary fallback: close base movement exists, but loading/modifier differs."
assisted-triceps-dip-machine,Отжимания на брусьях в гравитроне с акцентом на трицепс,strength,triceps,Гравитрон,assisted_bodyweight,reusable_asset,0.55,machine-dips,Machine Dips,https://movekit.com/exercises/machine-dips,Chest,Triceps,Machine,"Temporary fallback: close base movement exists, but loading/modifier differs."
bench-dip,Обратные отжимания от скамьи,strength,triceps,Скамья,reps_only,exact_alias_or_title,0.9,bench-dips,Bench Dips,https://movekit.com/exercises/bench-dips,Triceps,,Bodyweight,Search alias/name equals MoveKit title or slug after normalization.
diamond-push-up-triceps,Алмазные отжимания с акцентом на трицепс,strength,triceps,Собственный вес,reps_only,needs_manual_review,0.3,diamond-push-ups,Diamond Push Ups,https://movekit.com/exercises/diamond-push-ups,Triceps,,Bodyweight,Possible candidates need visual/manual check: diamond-push-ups (0.75); diamond-push-ups (0.75).
jm-press,JM-жим,strength,triceps,"Штанга, скамья",weight_reps,not_found,0,,,,,,,"No close public MoveKit page found by slug, alias, title, or token overlap."
machine-triceps-extension,Разгибание рук в тренажере,strength,triceps,Тренажер для трицепса,weight_reps,not_found,0,,,,,,,"No close public MoveKit page found by slug, alias, title, or token overlap."
barbell-back-squat,Приседания со штангой на спине,strength,quads,"Штанга, стойки",weight_reps,renamed_match,0.75,barbell-banded-back-squat,Barbell Banded Back Squat,https://movekit.com/exercises/barbell-banded-back-squat,Quadriceps,Glutes,Barbell,High token overlap (0.75) with provider naming.
front-squat,Фронтальные приседания,strength,quads,"Штанга, стойки",weight_reps,reusable_asset,0.55,barbell-squat,Barbell Squat,https://movekit.com/exercises/barbell-squat,Quadriceps,Glutes,Barbell,"Temporary fallback: close base movement exists, but loading/modifier differs."
goblet-squat,Гоблет-присед,strength,quads,Гантель или гиря,weight_reps,reusable_asset,0.55,barbell-squat,Barbell Squat,https://movekit.com/exercises/barbell-squat,Quadriceps,Glutes,Barbell,"Temporary fallback: close base movement exists, but loading/modifier differs."
hack-squat-machine,Гакк-приседания,strength,quads,Гакк-тренажер,weight_reps,reusable_asset,0.55,barbell-squat,Barbell Squat,https://movekit.com/exercises/barbell-squat,Quadriceps,Glutes,Barbell,"Temporary fallback: close base movement exists, but loading/modifier differs."
leg-press,Жим ногами,strength,quads,Тренажер жим ногами,weight_reps,reusable_asset,0.55,machine-leg-press,Machine Leg Press,https://movekit.com/exercises/machine-leg-press,Glutes|Quadriceps,,Machine,"Temporary fallback: close base movement exists, but loading/modifier differs."
single-leg-press,Жим одной ногой в тренажере,strength,quads,Тренажер жим ногами,weight_reps,reusable_asset,0.55,machine-leg-press,Machine Leg Press,https://movekit.com/exercises/machine-leg-press,Glutes|Quadriceps,,Machine,"Temporary fallback: close base movement exists, but loading/modifier differs."
leg-extension,Разгибание ног в тренажере,strength,quads,Тренажер разгибание ног,weight_reps,reusable_asset,0.55,machine-leg-extension,Machine Leg Extension,https://movekit.com/exercises/machine-leg-extension,Quadriceps,,Machine,"Temporary fallback: close base movement exists, but loading/modifier differs."
single-leg-extension,Разгибание одной ноги в тренажере,strength,quads,Тренажер разгибание ног,weight_reps,reusable_asset,0.55,machine-leg-extension,Machine Leg Extension,https://movekit.com/exercises/machine-leg-extension,Quadriceps,,Machine,"Temporary fallback: close base movement exists, but loading/modifier differs."
smith-machine-squat,Приседания в Смите,strength,quads,Тренажер Смита,weight_reps,reusable_asset,0.55,barbell-banded-back-squat,Barbell Banded Back Squat,https://movekit.com/exercises/barbell-banded-back-squat,Quadriceps,Glutes,Barbell,"Temporary fallback: close base movement exists, but loading/modifier differs."
pendulum-squat,Маятниковые приседания,strength,quads,Маятниковый тренажер,weight_reps,reusable_asset,0.55,barbell-squat,Barbell Squat,https://movekit.com/exercises/barbell-squat,Quadriceps,Glutes,Barbell,"Temporary fallback: close base movement exists, but loading/modifier differs."
belt-squat,Приседания с поясом,strength,quads,Тренажер belt squat,weight_reps,reusable_asset,0.55,barbell-squat,Barbell Squat,https://movekit.com/exercises/barbell-squat,Quadriceps,Glutes,Barbell,"Temporary fallback: close base movement exists, but loading/modifier differs."
safety-bar-squat,Приседания с safety bar,strength,quads,"Safety bar, стойки",weight_reps,reusable_asset,0.55,barbell-squat,Barbell Squat,https://movekit.com/exercises/barbell-squat,Quadriceps,Glutes,Barbell,"Temporary fallback: close base movement exists, but loading/modifier differs."
zercher-squat,Приседания Зерхера,strength,quads,Штанга,weight_reps,reusable_asset,0.55,barbell-squat,Barbell Squat,https://movekit.com/exercises/barbell-squat,Quadriceps,Glutes,Barbell,"Temporary fallback: close base movement exists, but loading/modifier differs."
overhead-squat,Приседания со штангой над головой,strength,quads,Штанга,weight_reps,reusable_asset,0.55,barbell-squat,Barbell Squat,https://movekit.com/exercises/barbell-squat,Quadriceps,Glutes,Barbell,"Temporary fallback: close base movement exists, but loading/modifier differs."
split-squat-quad-focus,Сплит-присед с акцентом на квадрицепс,strength,quads,Гантели или штанга,weight_reps,needs_manual_review,0.3,barbell-split-squat,Barbell Split Squat,https://movekit.com/exercises/barbell-split-squat,Glutes|Quadriceps,,Barbell,Possible candidates need visual/manual check: barbell-split-squat (0.67); bulgarian-split-squat (0.67).
bulgarian-split-squat-quad-focus,Болгарские выпады с акцентом на квадрицепс,strength,quads,"Гантели, скамья",weight_reps,renamed_match,0.75,bulgarian-split-squat,Bulgarian Split Squat,https://movekit.com/exercises/bulgarian-split-squat,Glutes|Quadriceps,,Bodyweight,High token overlap (0.75) with provider naming.
walking-lunge-quad-focus,Выпады в ходьбе с акцентом на квадрицепс,strength,quads,Гантели или собственный вес,weight_reps,needs_manual_review,0.3,lunge-walking,Walking Lunge,https://movekit.com/exercises/lunge-walking,Glutes|Quadriceps,,Bodyweight,Possible candidates need visual/manual check: lunge-walking (0.67).
step-down,Спуск с платформы,strength,quads,Платформа,reps_only,not_found,0,,,,,,,"No close public MoveKit page found by slug, alias, title, or token overlap."
sissy-squat,Сисси-приседания,strength,quads,Собственный вес или тренажер,reps_only,reusable_asset,0.55,barbell-squat,Barbell Squat,https://movekit.com/exercises/barbell-squat,Quadriceps,Glutes,Barbell,"Temporary fallback: close base movement exists, but loading/modifier differs."
weighted-sissy-squat,Сисси-приседания с весом,strength,quads,Блин или гантель,weight_reps,reusable_asset,0.55,barbell-squat,Barbell Squat,https://movekit.com/exercises/barbell-squat,Quadriceps,Glutes,Barbell,"Temporary fallback: close base movement exists, but loading/modifier differs."
cyclist-squat,Приседания велосипедиста,strength,quads,"Штанга или гантель, подставка под пятки",weight_reps,reusable_asset,0.55,barbell-squat,Barbell Squat,https://movekit.com/exercises/barbell-squat,Quadriceps,Glutes,Barbell,"Temporary fallback: close base movement exists, but loading/modifier differs."
pistol-squat,Приседания пистолетиком,strength,quads,Собственный вес,reps_only,reusable_asset,0.55,barbell-squat,Barbell Squat,https://movekit.com/exercises/barbell-squat,Quadriceps,Glutes,Barbell,"Temporary fallback: close base movement exists, but loading/modifier differs."
assisted-pistol-squat,Приседания пистолетиком с ассистом,strength,quads,Опора или петли,assisted_bodyweight,reusable_asset,0.55,barbell-squat,Barbell Squat,https://movekit.com/exercises/barbell-squat,Quadriceps,Glutes,Barbell,"Temporary fallback: close base movement exists, but loading/modifier differs."
wall-sit,Стульчик у стены,strength,quads,"Собственный вес, стена",duration_hold,exact_slug,1,wall-sit,Wall Sit,https://movekit.com/exercises/wall-sit,Quadriceps,,Bodyweight,Catalog id equals MoveKit slug.
spanish-squat-hold,Испанский присед удержание,strength,quads,Резинка или ремень,duration_hold,not_found,0,,,,,,,"No close public MoveKit page found by slug, alias, title, or token overlap."
jump-squat,Прыжковые приседания,strength,quads,Собственный вес,reps_only,exact_alias_or_title,0.9,jump-squats,Jump Squats,https://movekit.com/exercises/jump-squats,Glutes|Quadriceps,,Bodyweight,Search alias/name equals MoveKit title or slug after normalization.
barbell-hip-thrust,Ягодичный мост со штангой,strength,glutes,"Штанга, скамья",weight_reps,reusable_asset,0.55,dumbbell-figure-four-heels-elevated-hip-thrust,Dumbbell Figure Four Heels Elevated Hip Thrust,https://movekit.com/exercises/dumbbell-figure-four-heels-elevated-hip-thrust,Glutes,,Dumbbell,"Temporary fallback: close base movement exists, but loading/modifier differs."
smith-machine-hip-thrust,Ягодичный мост в Смите,strength,glutes,"Тренажер Смита, скамья",weight_reps,reusable_asset,0.55,dumbbell-figure-four-heels-elevated-hip-thrust,Dumbbell Figure Four Heels Elevated Hip Thrust,https://movekit.com/exercises/dumbbell-figure-four-heels-elevated-hip-thrust,Glutes,,Dumbbell,"Temporary fallback: close base movement exists, but loading/modifier differs."
machine-hip-thrust,Ягодичный мост в тренажере,strength,glutes,Тренажер hip thrust,weight_reps,reusable_asset,0.55,dumbbell-figure-four-heels-elevated-hip-thrust,Dumbbell Figure Four Heels Elevated Hip Thrust,https://movekit.com/exercises/dumbbell-figure-four-heels-elevated-hip-thrust,Glutes,,Dumbbell,"Temporary fallback: close base movement exists, but loading/modifier differs."
barbell-glute-bridge,Ягодичный мостик со штангой с пола,strength,glutes,Штанга,weight_reps,reusable_asset,0.55,dumbbell-feet-elevated-glute-bridge,Dumbbell Feet Elevated Glute Bridge,https://movekit.com/exercises/dumbbell-feet-elevated-glute-bridge,Glutes,,Dumbbell,"Temporary fallback: close base movement exists, but loading/modifier differs."
glute-bridge,Ягодичный мостик,strength,glutes,Собственный вес,reps_only,reusable_asset,0.55,dumbbell-feet-elevated-glute-bridge,Dumbbell Feet Elevated Glute Bridge,https://movekit.com/exercises/dumbbell-feet-elevated-glute-bridge,Glutes,,Dumbbell,"Temporary fallback: close base movement exists, but loading/modifier differs."
single-leg-glute-bridge,Ягодичный мостик на одной ноге,strength,glutes,Собственный вес,reps_only,not_found,0,,,,,,,"No close public MoveKit page found by slug, alias, title, or token overlap."
frog-pump,Фрог-памп,strength,glutes,Собственный вес или резинка,reps_only,not_found,0,,,,,,,"No close public MoveKit page found by slug, alias, title, or token overlap."
cable-pull-through,Протяжка между ног в кроссовере,strength,glutes,"Кроссовер, канат",weight_reps,not_found,0,,,,,,,"No close public MoveKit page found by slug, alias, title, or token overlap."
kettlebell-swing,Махи гирей,strength,glutes,Гиря,weight_reps,exact_slug,1,kettlebell-swing,Kettlebell Swing,https://movekit.com/exercises/kettlebell-swing,Glutes|Hamstrings,Core,Kettlebell,Catalog id equals MoveKit slug.
sumo-deadlift,Становая тяга сумо,strength,glutes,Штанга,weight_reps,reusable_asset,0.55,barbell-deadlift,Barbell Deadlift,https://movekit.com/exercises/barbell-deadlift,Trapezius|Core,Glutes,Barbell,"Temporary fallback: close base movement exists, but loading/modifier differs."
trap-bar-deadlift,Становая тяга с трэп-грифом,strength,glutes,Трэп-гриф,weight_reps,reusable_asset,0.55,barbell-deadlift,Barbell Deadlift,https://movekit.com/exercises/barbell-deadlift,Trapezius|Core,Glutes,Barbell,"Temporary fallback: close base movement exists, but loading/modifier differs."
romanian-deadlift-glute-focus,Румынская тяга с акцентом на ягодицы,strength,glutes,Штанга или гантели,weight_reps,not_found,0,,,,,,,"No close public MoveKit page found by slug, alias, title, or token overlap."
single-leg-romanian-deadlift-glute-focus,Румынская тяга на одной ноге с акцентом на ягодицы,strength,glutes,Гантель или гиря,weight_reps,not_found,0,,,,,,,"No close public MoveKit page found by slug, alias, title, or token overlap."
good-morning-glute-focus,Наклоны со штангой с акцентом на ягодицы,strength,glutes,Штанга,weight_reps,not_found,0,,,,,,,"No close public MoveKit page found by slug, alias, title, or token overlap."
bulgarian-split-squat-glute-focus,Болгарские выпады с акцентом на ягодицы,strength,glutes,"Гантели, скамья",weight_reps,renamed_match,0.75,bulgarian-split-squat,Bulgarian Split Squat,https://movekit.com/exercises/bulgarian-split-squat,Glutes|Quadriceps,,Bodyweight,High token overlap (0.75) with provider naming.
reverse-lunge-glute-focus,Обратные выпады с акцентом на ягодицы,strength,glutes,Гантели или собственный вес,weight_reps,needs_manual_review,0.3,bodyweight-reverse-lunge,Bodyweight Reverse Lunge,https://movekit.com/exercises/bodyweight-reverse-lunge,Glutes|Quadriceps,Glutes|Quadriceps,Bodyweight,Possible candidates need visual/manual check: bodyweight-reverse-lunge (0.67).
step-up-glute-focus,Зашагивания с акцентом на ягодицы,strength,glutes,"Гантели, платформа",weight_reps,not_found,0,,,,,,,"No close public MoveKit page found by slug, alias, title, or token overlap."
curtsy-lunge,Реверанс-выпады,strength,glutes,Гантели или собственный вес,weight_reps,reusable_asset,0.55,dumbbell-goblet-alternating-curtsy-lunge,Dumbbell Goblet Alternating Curtsy Lunge,https://movekit.com/exercises/dumbbell-goblet-alternating-curtsy-lunge,Glutes,Quadriceps,Dumbbell,"Temporary fallback: close base movement exists, but loading/modifier differs."
cable-glute-kickback,Отведение ноги назад в кроссовере,strength,glutes,"Кроссовер, манжета",weight_reps,not_found,0,,,,,,,"No close public MoveKit page found by slug, alias, title, or token overlap."
machine-glute-kickback,Отведение ноги назад в тренажере,strength,glutes,Тренажер для ягодиц,weight_reps,not_found,0,,,,,,,"No close public MoveKit page found by slug, alias, title, or token overlap."
donkey-kick,Мах ногой назад на четвереньках,strength,glutes,Собственный вес или резинка,reps_only,not_found,0,,,,,,,"No close public MoveKit page found by slug, alias, title, or token overlap."
fire-hydrant,Пожарный гидрант,strength,glutes,Собственный вес или резинка,side_reps,not_found,0,,,,,,,"No close public MoveKit page found by slug, alias, title, or token overlap."
hip-abduction-machine,Разведение ног в тренажере,strength,glutes,Тренажер разведение ног,weight_reps,renamed_match,0.75,bodyweight-hip-abduction,Bodyweight Hip Abduction,https://movekit.com/exercises/bodyweight-hip-abduction,Glutes,,Bodyweight,"Same normalized tokens, different word order or provider naming."
banded-lateral-walk,Боковая ходьба с резинкой,strength,glutes,Резинка,distance_time,not_found,0,,,,,,,"No close public MoveKit page found by slug, alias, title, or token overlap."
clamshell,Ракушка,strength,glutes,Резинка или собственный вес,side_reps,not_found,0,,,,,,,"No close public MoveKit page found by slug, alias, title, or token overlap."
cable-hip-abduction,Отведение ноги в сторону в кроссовере,strength,glutes,"Кроссовер, манжета",weight_reps,reusable_asset,0.55,band-hip-abduction,Band Hip Abduction,https://movekit.com/exercises/band-hip-abduction,Glutes,,Band,"Temporary fallback: close base movement exists, but loading/modifier differs."
forty-five-degree-hyperextension-glute-focus,Гиперэкстензия 45 градусов с акцентом на ягодицы,strength,glutes,Римский стул 45 градусов,weight_reps,not_found,0,,,,,,,"No close public MoveKit page found by slug, alias, title, or token overlap."
sled-push-glute-focus,Толкание саней с акцентом на ягодицы,strength,glutes,Сани,distance_time,not_found,0,,,,,,,"No close public MoveKit page found by slug, alias, title, or token overlap."
romanian-deadlift,Румынская тяга,strength,legs,Штанга или гантели,weight_reps,reusable_asset,0.55,band-romanian-deadlift,Band Romanian Deadlift,https://movekit.com/exercises/band-romanian-deadlift,Glutes|Hamstrings,Core,Band,"Temporary fallback: close base movement exists, but loading/modifier differs."
dumbbell-romanian-deadlift,Румынская тяга с гантелями,strength,legs,Гантели,weight_reps,reusable_asset,0.55,band-romanian-deadlift,Band Romanian Deadlift,https://movekit.com/exercises/band-romanian-deadlift,Glutes|Hamstrings,Core,Band,"Temporary fallback: close base movement exists, but loading/modifier differs."
single-leg-romanian-deadlift,Румынская тяга на одной ноге,strength,legs,Гантель или гиря,weight_reps,reusable_asset,0.55,band-romanian-deadlift,Band Romanian Deadlift,https://movekit.com/exercises/band-romanian-deadlift,Glutes|Hamstrings,Core,Band,"Temporary fallback: close base movement exists, but loading/modifier differs."
stiff-leg-deadlift,Тяга на прямых ногах,strength,legs,Штанга,weight_reps,reusable_asset,0.55,barbell-deadlift,Barbell Deadlift,https://movekit.com/exercises/barbell-deadlift,Trapezius|Core,Glutes,Barbell,"Temporary fallback: close base movement exists, but loading/modifier differs."
good-morning,Наклоны со штангой,strength,legs,Штанга,weight_reps,not_found,0,,,,,,,"No close public MoveKit page found by slug, alias, title, or token overlap."
lying-leg-curl,Сгибание ног лежа,strength,legs,Тренажер сгибание ног,weight_reps,reusable_asset,0.55,band-curl,Band Curl,https://movekit.com/exercises/band-curl,Biceps,,Band,"Temporary fallback: close base movement exists, but loading/modifier differs."
seated-leg-curl,Сгибание ног сидя,strength,legs,Тренажер сгибание ног сидя,weight_reps,reusable_asset,0.55,band-curl,Band Curl,https://movekit.com/exercises/band-curl,Biceps,,Band,"Temporary fallback: close base movement exists, but loading/modifier differs."
standing-leg-curl,Сгибание ноги стоя,strength,legs,Тренажер сгибание ног стоя,weight_reps,reusable_asset,0.55,band-curl,Band Curl,https://movekit.com/exercises/band-curl,Biceps,,Band,"Temporary fallback: close base movement exists, but loading/modifier differs."
single-leg-curl,Сгибание одной ноги в тренажере,strength,legs,Тренажер сгибание ног,weight_reps,reusable_asset,0.55,band-curl,Band Curl,https://movekit.com/exercises/band-curl,Biceps,,Band,"Temporary fallback: close base movement exists, but loading/modifier differs."
nordic-hamstring-curl,Скандинавские сгибания,strength,legs,"Собственный вес, фиксация стоп",assisted_bodyweight,reusable_asset,0.55,band-curl,Band Curl,https://movekit.com/exercises/band-curl,Biceps,,Band,"Temporary fallback: close base movement exists, but loading/modifier differs."
glute-ham-raise,Подъем корпуса в GHD,strength,legs,GHD-тренажер,reps_only,not_found,0,,,,,,,"No close public MoveKit page found by slug, alias, title, or token overlap."
standing-calf-raise,Подъемы на носки стоя,strength,legs,Тренажер или гантели,weight_reps,reusable_asset,0.55,kettlebell-calf-raise,Kettlebell Calf Raise,https://movekit.com/exercises/kettlebell-calf-raise,Calves,,Kettlebell,"Temporary fallback: close base movement exists, but loading/modifier differs."
seated-calf-raise,Подъемы на носки сидя,strength,legs,Тренажер для икр сидя,weight_reps,reusable_asset,0.55,kettlebell-calf-raise,Kettlebell Calf Raise,https://movekit.com/exercises/kettlebell-calf-raise,Calves,,Kettlebell,"Temporary fallback: close base movement exists, but loading/modifier differs."
leg-press-calf-raise,Подъемы на носки в жиме ногами,strength,legs,Тренажер жим ногами,weight_reps,reusable_asset,0.55,kettlebell-calf-raise,Kettlebell Calf Raise,https://movekit.com/exercises/kettlebell-calf-raise,Calves,,Kettlebell,"Temporary fallback: close base movement exists, but loading/modifier differs."
single-leg-calf-raise,Подъем на носок одной ногой,strength,legs,Собственный вес или гантель,reps_only,reusable_asset,0.55,dumbbell-single-leg-calf-raise,Dumbbell Single Leg Calf Raise,https://movekit.com/exercises/dumbbell-single-leg-calf-raise,Calves,,Dumbbell,"Temporary fallback: close base movement exists, but loading/modifier differs."
tibialis-raise,Подъем носков на переднюю большеберцовую,strength,legs,Собственный вес или тренажер,reps_only,not_found,0,,,,,,,"No close public MoveKit page found by slug, alias, title, or token overlap."
hip-adduction-machine,Сведение ног в тренажере,strength,legs,Тренажер сведение ног,weight_reps,not_found,0,,,,,,,"No close public MoveKit page found by slug, alias, title, or token overlap."
sumo-squat,Сумо-присед,strength,legs,"Гантель, гиря или штанга",weight_reps,reusable_asset,0.55,barbell-squat,Barbell Squat,https://movekit.com/exercises/barbell-squat,Quadriceps,Glutes,Barbell,"Temporary fallback: close base movement exists, but loading/modifier differs."
lateral-lunge,Боковые выпады,strength,legs,Гантели или собственный вес,weight_reps,reusable_asset,0.55,bodyweight-alternating-lateral-lunge,Bodyweight Alternating Lateral Lunge,https://movekit.com/exercises/bodyweight-alternating-lateral-lunge,Glutes|Quadriceps,,Bodyweight,"Temporary fallback: close base movement exists, but loading/modifier differs."
cossack-squat,Казачьи приседания,strength,legs,Собственный вес,reps_only,reusable_asset,0.55,barbell-squat,Barbell Squat,https://movekit.com/exercises/barbell-squat,Quadriceps,Glutes,Barbell,"Temporary fallback: close base movement exists, but loading/modifier differs."
forward-lunge,Выпады вперед,strength,legs,Гантели или собственный вес,weight_reps,exact_slug,1,forward-lunge,Forward Lunge,https://movekit.com/exercises/forward-lunge,Glutes|Quadriceps,,Bodyweight,Catalog id equals MoveKit slug.
reverse-lunge,Обратные выпады,strength,legs,Гантели или собственный вес,weight_reps,renamed_match,0.75,bodyweight-reverse-lunge,Bodyweight Reverse Lunge,https://movekit.com/exercises/bodyweight-reverse-lunge,Glutes|Quadriceps,Glutes|Quadriceps,Bodyweight,"Same normalized tokens, different word order or provider naming."
walking-lunge,Выпады в ходьбе,strength,legs,Гантели или собственный вес,weight_reps,exact_alias_or_title,0.9,lunge-walking,Walking Lunge,https://movekit.com/exercises/lunge-walking,Glutes|Quadriceps,,Bodyweight,Search alias/name equals MoveKit title or slug after normalization.
step-up,Зашагивания на платформу,strength,legs,"Гантели, платформа",weight_reps,not_found,0,,,,,,,"No close public MoveKit page found by slug, alias, title, or token overlap."
box-jump,Прыжки на тумбу,strength,legs,Тумба,reps_only,exact_slug,1,box-jump,Box Jump,https://movekit.com/exercises/box-jump,Glutes|Quadriceps,,Bodyweight,Catalog id equals MoveKit slug.
broad-jump,Прыжок в длину с места,strength,legs,Собственный вес,reps_only,not_found,0,,,,,,,"No close public MoveKit page found by slug, alias, title, or token overlap."
lateral-bound,Боковые прыжки,strength,legs,Собственный вес,side_reps,not_found,0,,,,,,,"No close public MoveKit page found by slug, alias, title, or token overlap."
sled-drag,Тяга саней назад,strength,legs,Сани,distance_time,not_found,0,,,,,,,"No close public MoveKit page found by slug, alias, title, or token overlap."
sled-pull,Тяга саней за собой,strength,legs,"Сани, ремень",distance_time,not_found,0,,,,,,,"No close public MoveKit page found by slug, alias, title, or token overlap."
walking-calf-raise,Подъемы на носки в ходьбе,strength,legs,Собственный вес или гантели,distance_time,reusable_asset,0.55,kettlebell-calf-raise,Kettlebell Calf Raise,https://movekit.com/exercises/kettlebell-calf-raise,Calves,,Kettlebell,"Temporary fallback: close base movement exists, but loading/modifier differs."
stepmill-strength,Подъем по лестнице с отягощением,strength,legs,"Степпер или лестница, гантели",distance_time,not_found,0,,,,,,,"No close public MoveKit page found by slug, alias, title, or token overlap."
treadmill-run,Бег на дорожке,cardio,legs,Беговая дорожка,distance_time,not_found,0,,,,,,,"No close public MoveKit page found by slug, alias, title, or token overlap."
outdoor-run,Бег на улице,cardio,legs,Собственный вес,distance_time,not_found,0,,,,,,,"No close public MoveKit page found by slug, alias, title, or token overlap."
easy-walk,Ходьба,cardio,legs,Собственный вес,distance_time,not_found,0,,,,,,,"No close public MoveKit page found by slug, alias, title, or token overlap."
incline-treadmill-walk,Ходьба на дорожке под наклоном,cardio,glutes,Беговая дорожка,distance_time,not_found,0,,,,,,,"No close public MoveKit page found by slug, alias, title, or token overlap."
stair-climber,Степпер,cardio,legs,Степпер,distance_time,not_found,0,,,,,,,"No close public MoveKit page found by slug, alias, title, or token overlap."
elliptical,Эллиптический тренажер,cardio,legs,Эллиптический тренажер,distance_time,not_found,0,,,,,,,"No close public MoveKit page found by slug, alias, title, or token overlap."
exercise-bike,Велотренажер,cardio,quads,Велотренажер,distance_time,not_found,0,,,,,,,"No close public MoveKit page found by slug, alias, title, or token overlap."
spin-bike,Сайкл,cardio,quads,Сайкл-велосипед,distance_time,not_found,0,,,,,,,"No close public MoveKit page found by slug, alias, title, or token overlap."
outdoor-cycling,Велосипед на улице,cardio,quads,Велосипед,distance_time,not_found,0,,,,,,,"No close public MoveKit page found by slug, alias, title, or token overlap."
rowing-machine,Гребной тренажер,cardio,back,Гребной тренажер,distance_time,not_found,0,,,,,,,"No close public MoveKit page found by slug, alias, title, or token overlap."
ski-erg,SkiErg,cardio,shoulders,SkiErg,distance_time,not_found,0,,,,,,,"No close public MoveKit page found by slug, alias, title, or token overlap."
air-bike,Air bike,cardio,legs,Air bike,cardio_extended,not_found,0,,,,,,,"No close public MoveKit page found by slug, alias, title, or token overlap."
assault-runner,Механическая беговая дорожка,cardio,legs,Механическая дорожка,distance_time,not_found,0,,,,,,,"No close public MoveKit page found by slug, alias, title, or token overlap."
jump-rope,Скакалка,cardio,legs,Скакалка,cardio_extended,not_found,0,,,,,,,"No close public MoveKit page found by slug, alias, title, or token overlap."
battle-ropes,Канаты,cardio,shoulders,Канаты,cardio_extended,not_found,0,,,,,,,"No close public MoveKit page found by slug, alias, title, or token overlap."
burpee,Берпи,cardio,chest,Собственный вес,reps_only,exact_slug,1,burpee,Burpee,https://movekit.com/exercises/burpee,Core|Chest,Quadriceps,Bodyweight,Catalog id equals MoveKit slug.
mountain-climber,Скалолаз,cardio,shoulders,Собственный вес,duration_hold,exact_slug,1,mountain-climber,Mountain Climber,https://movekit.com/exercises/mountain-climber,Core,,Bodyweight,Catalog id equals MoveKit slug.
high-knees,Бег с высоким подниманием колен,cardio,legs,Собственный вес,duration_hold,not_found,0,,,,,,,"No close public MoveKit page found by slug, alias, title, or token overlap."
jumping-jacks,Джампинг джек,cardio,legs,Собственный вес,duration_hold,not_found,0,,,,,,,"No close public MoveKit page found by slug, alias, title, or token overlap."
shadow-boxing,Бой с тенью,cardio,shoulders,Собственный вес,duration_hold,not_found,0,,,,,,,"No close public MoveKit page found by slug, alias, title, or token overlap."
swimming,Плавание,cardio,shoulders,Бассейн,distance_time,not_found,0,,,,,,,"No close public MoveKit page found by slug, alias, title, or token overlap."
sled-push-cardio,Толкание саней,cardio,quads,Сани,distance_time,not_found,0,,,,,,,"No close public MoveKit page found by slug, alias, title, or token overlap."
sled-pull-cardio,Тяга саней,cardio,legs,Сани,distance_time,not_found,0,,,,,,,"No close public MoveKit page found by slug, alias, title, or token overlap."
step-aerobics,Степ-аэробика,cardio,legs,Степ-платформа,duration_hold,not_found,0,,,,,,,"No close public MoveKit page found by slug, alias, title, or token overlap."
hiit-bodyweight,HIIT с собственным весом,cardio,legs,Собственный вес,completion_only,not_found,0,,,,,,,"No close public MoveKit page found by slug, alias, title, or token overlap."
rowing-intervals,Интервалы на гребном тренажере,cardio,back,Гребной тренажер,cardio_extended,not_found,0,,,,,,,"No close public MoveKit page found by slug, alias, title, or token overlap."
shoulder-circles,Круги плечами,mobility,shoulders,Собственный вес,duration_hold,not_found,0,,,,,,,"No close public MoveKit page found by slug, alias, title, or token overlap."
band-shoulder-dislocates,Провороты плеч с резинкой,mobility,shoulders,Резинка или палка,reps_only,not_found,0,,,,,,,"No close public MoveKit page found by slug, alias, title, or token overlap."
scapular-wall-slide,Скольжение лопатками у стены,mobility,shoulders,Стена,reps_only,not_found,0,,,,,,,"No close public MoveKit page found by slug, alias, title, or token overlap."
band-pull-apart,Разведение резинки перед собой,mobility,shoulders,Резинка,reps_only,not_found,0,,,,,,,"No close public MoveKit page found by slug, alias, title, or token overlap."
doorway-chest-stretch,Растяжка груди в дверном проеме,mobility,chest,Дверной проем,duration_hold,not_found,0,,,,,,,"No close public MoveKit page found by slug, alias, title, or token overlap."
pec-minor-stretch,Растяжка малой грудной мышцы,mobility,chest,Стена или стойка,duration_hold,not_found,0,,,,,,,"No close public MoveKit page found by slug, alias, title, or token overlap."
lat-stretch,Растяжка широчайших,mobility,back,Опора,duration_hold,not_found,0,,,,,,,"No close public MoveKit page found by slug, alias, title, or token overlap."
child-pose-lat-stretch,Поза ребенка с вытяжением широчайших,mobility,back,Коврик,duration_hold,not_found,0,,,,,,,"No close public MoveKit page found by slug, alias, title, or token overlap."
cat-cow,Кошка-корова,mobility,back,Коврик,reps_only,not_found,0,,,,,,,"No close public MoveKit page found by slug, alias, title, or token overlap."
thoracic-rotation,Грудная ротация лежа на боку,mobility,back,Коврик,side_reps,not_found,0,,,,,,,"No close public MoveKit page found by slug, alias, title, or token overlap."
thread-the-needle,Нитка в иголку,mobility,back,Коврик,side_reps,not_found,0,,,,,,,"No close public MoveKit page found by slug, alias, title, or token overlap."
worlds-greatest-stretch,Самая большая растяжка,mobility,legs,Коврик,completion_only,not_found,0,,,,,,,"No close public MoveKit page found by slug, alias, title, or token overlap."
hip-flexor-stretch,Растяжка сгибателей бедра,mobility,quads,Коврик,duration_hold,not_found,0,,,,,,,"No close public MoveKit page found by slug, alias, title, or token overlap."
standing-quad-stretch,Растяжка квадрицепса стоя,mobility,quads,Собственный вес,duration_hold,not_found,0,,,,,,,"No close public MoveKit page found by slug, alias, title, or token overlap."
couch-stretch,Растяжка квадрицепса у стены,mobility,quads,Стена или скамья,duration_hold,not_found,0,,,,,,,"No close public MoveKit page found by slug, alias, title, or token overlap."
hamstring-stretch,Растяжка задней поверхности бедра,mobility,legs,Коврик,duration_hold,not_found,0,,,,,,,"No close public MoveKit page found by slug, alias, title, or token overlap."
calf-stretch,Растяжка икроножных у стены,mobility,legs,Стена,duration_hold,not_found,0,,,,,,,"No close public MoveKit page found by slug, alias, title, or token overlap."
ankle-mobility-rocks,Мобилизация голеностопа у стены,mobility,legs,Стена,side_reps,not_found,0,,,,,,,"No close public MoveKit page found by slug, alias, title, or token overlap."
pigeon-pose,Поза голубя,mobility,glutes,Коврик,duration_hold,not_found,0,,,,,,,"No close public MoveKit page found by slug, alias, title, or token overlap."
figure-four-stretch,Растяжка ягодиц четверка,mobility,glutes,Коврик,duration_hold,not_found,0,,,,,,,"No close public MoveKit page found by slug, alias, title, or token overlap."
ninety-ninety-hip-switch,Переходы 90/90 тазобедренных,mobility,glutes,Коврик,side_reps,not_found,0,,,,,,,"No close public MoveKit page found by slug, alias, title, or token overlap."
deep-squat-hold,Глубокий присед удержание,mobility,quads,Собственный вес,duration_hold,not_found,0,,,,,,,"No close public MoveKit page found by slug, alias, title, or token overlap."
biceps-wall-stretch,Растяжка бицепса у стены,mobility,biceps,Стена,duration_hold,not_found,0,,,,,,,"No close public MoveKit page found by slug, alias, title, or token overlap."
triceps-overhead-stretch,Растяжка трицепса над головой,mobility,triceps,Собственный вес,duration_hold,not_found,0,,,,,,,"No close public MoveKit page found by slug, alias, title, or token overlap."
dead-hang-mobility,Вис на турнике для мобилити,mobility,back,Турник,duration_hold,not_found,0,,,,,,,"No close public MoveKit page found by slug, alias, title, or token overlap."
prone-cobra-hold,Кобра лежа удержание,mobility,back,Коврик,duration_hold,not_found,0,,,,,,,"No close public MoveKit page found by slug, alias, title, or token overlap."
shoulder-external-rotation-band,Внешняя ротация плеча с резинкой,mobility,shoulders,Резинка,reps_only,not_found,0,,,,,,,"No close public MoveKit page found by slug, alias, title, or token overlap."
shoulder-internal-rotation-band,Внутренняя ротация плеча с резинкой,mobility,shoulders,Резинка,reps_only,not_found,0,,,,,,,"No close public MoveKit page found by slug, alias, title, or token overlap."
